Timestamp,Safety FirstLevel,Check your branchesLevel,Check your classesLevel,Line-by-lineLevel,Check your methodsLevel,Bug FinderLevel,Class Reviewer - BranchesLevel,Class Reviewer - LinesLevel,Class Reviewer - MethodsLevel,Double checkLevel,Shine in new splendourLevel,The Method ExtractorLevel,The Method InlinerLevel,The EponymLevel,Test FixerLevel,Gotta Catch ’Em AllLevel,The TesterLevel,The Tester - AdvancedLevel,Assert and TestedLevel,Safety FirstProgress,Check your branchesProgress,Check your classesProgress,Line-by-lineProgress,Check your methodsProgress,Bug FinderProgress,Class Reviewer - BranchesProgress,Class Reviewer - LinesProgress,Class Reviewer - MethodsProgress,Double checkProgress,Shine in new splendourProgress,The Method ExtractorProgress,The Method InlinerProgress,The EponymProgress,Test FixerProgress,Gotta Catch ’Em AllProgress,The TesterProgress,The Tester - AdvancedProgress,Assert and TestedProgress
2025-04-17 09:08:51.88,0,0,0,0,0,0,0,0,0,2,0,0,0,0,0,0,0,0,0,0,0,0,0,0,0,0,0,0,11,0,0,0,0,0,0,0,0,0
2025-04-17 09:08:51.889,0,0,0,0,0,0,0,0,0,2,0,0,0,0,0,0,0,0,0,4,0,0,0,0,0,0,0,0,11,0,0,0,0,0,0,0,0,0
2025-04-17 09:10:34.471,0,0,0,0,0,0,0,0,0,2,0,0,0,0,0,0,0,0,0,5,0,0,0,0,0,0,0,0,11,0,0,0,0,0,0,0,0,0
2025-04-17 09:11:30.379,0,0,0,0,0,0,0,0,0,2,0,0,0,0,0,0,0,0,0,6,0,0,0,0,0,0,0,0,11,0,0,0,0,0,0,0,0,0
2025-04-17 09:12:59.016,0,0,0,0,0,0,0,0,0,2,0,0,0,0,0,0,0,0,0,7,0,0,0,0,0,0,0,0,11,0,0,0,0,0,0,0,0,0
2025-04-17 09:12:59.034,0,0,0,0,0,0,0,0,0,2,0,0,0,0,0,0,0,0,0,7,0,0,0,0,0,0,0,0,11,1,0,0,0,0,0,0,0,0
2025-04-17 09:12:59.064,0,0,0,0,0,0,0,0,0,2,0,0,0,0,0,0,0,0,0,7,0,0,0,0,0,0,0,0,11,2,0,0,0,0,0,0,0,0
2025-04-17 09:12:59.081,0,0,0,0,0,0,0,0,0,2,0,0,0,0,0,0,0,0,0,7,0,0,0,0,0,0,0,0,11,3,0,0,0,0,0,0,0,0
2025-04-17 09:12:59.088,0,0,0,0,0,0,0,0,0,2,0,0,0,0,0,0,0,0,0,7,0,0,0,0,0,0,0,0,11,4,0,0,0,0,0,0,0,0
2025-04-17 09:14:24.406,0,0,0,0,0,0,0,0,0,2,0,0,0,0,0,0,0,0,0,8,0,0,0,0,0,0,0,0,11,4,0,0,0,0,0,0,0,0
2025-04-17 09:16:13.621,0,0,0,0,0,0,0,0,0,2,0,0,0,0,0,0,0,0,0,9,0,0,0,0,0,0,0,0,11,4,0,0,0,0,0,0,0,0
2025-04-17 09:18:51.467,0,0,0,0,0,0,0,0,0,2,0,0,0,0,0,0,0,0,0,9,0,0,0,0,0,0,0,0,15,4,0,0,0,0,0,0,0,0
2025-04-17 09:18:51.478,1,0,0,0,0,0,0,0,0,2,0,0,0,0,0,0,0,0,0,10,0,0,0,0,0,0,0,0,15,4,0,0,0,0,0,0,0,0
2025-04-17 09:24:50.012,1,0,0,0,0,0,0,0,0,2,0,0,0,0,0,0,0,0,0,10,0,0,0,0,0,0,0,0,16,4,0,0,0,0,0,0,0,0
2025-04-17 09:27:31.005,1,0,0,0,0,0,0,0,0,2,0,0,0,0,0,0,0,0,0,10,0,0,0,0,0,0,0,0,16,4,0,0,0,0,0,0,0,2
